"Oligo Name","Length","Tm","Tm (3' only)","Sequence"
mas00001_(AFB1_V113A)_forward,35,70.153,63.883,CAACTGATCCTCAGCATCTTTTACTTTCACCAGCG
mas00002_(AFB1_V113A)_reverse,23,60.622,60.622,CCACCATCCTCTTCATTCTGATC
mas00003_(C)_(AFB1_V113A2)_forward,47,72.938,66.252,ATGAAGAGGATGGTGGCGACTGATGAGTGCTTAGAGAAAATTGCTGC
mas00004_(AFB1_V113A2)_(C2)_reverse,32,74.396,67.667,GATGCTGAGGATCAGTTGGGTGCACGAGTGGG
mas00005_(AFB1_G143D)_reverse,24,59.182,59.182,CATCAGTAGAGAAACCTTCACAAG
mas00006_(A2)_(AFB1_G143D2)_forward,48,71.989,68.756,GAAGGTTTCTCTACTGATGATATCGCTGCTATTGCAGCTACTTGCAGG
mas00007_(AFB1_K8E)_reverse,17,58.827,60.527,GGTGGGAATCGGAGTCC
mas00008_(G)_(AFB1_K8E2)_forward,41,72.721,61.592,GACTCCGATTCCCACCTGAGGTGTTGGAACATATCCTCTCC
mas00009_(AFB1_A460E)_reverse,28,63.338,63.338,CTATTGATAGCATCCTAACCTTCTTGGC
mas00010_(_A_)_(AFB1_A460E2)_forward,51,69.542,68.776,GGTTAGGATGCTATCAATAGAATTTGCTGGGGACAGTGATTTGATGCTTCA
mas00011_(AFB1_S434E)_reverse,20,65.222,65.222,GAGCCGTCGAAGATCCCTGC
mas00012_(glutamic_acid)_(AFB1_S434E2)_forward,46,76.285,67.810,GGATCTTCGACGGCTCGAGGTCTCTGGTCTTCTCTCTGACAAGGCC
mas00013_(TIR1_E12K)_forward,33,69.679,63.883,ACTGATCCTCAGCATCTTTTACTTTCACCAGCG
mas00014_(TIR1_E12K)_reverse,25,65.630,65.630,TTCTGGAAACGACAAGGCTATTCGC
mas00015_(A)_(TIR1_E12K2)_forward,40,70.219,61.620,CTTGTCGTTTCCAGAAAAGGTACTAGAGCATGTGTTCTCG
mas00016_(TIR1_M473A)_reverse,22,64.100,64.100,TGCCTAAGTCACTGTCTCCTGC
mas00017_(C_)_(TIR1_M473A2)_forward,40,75.825,67.350,GACAGTGACTTAGGCACGCATCATGTTTTGTCCGGGTGCG
mas00018_(TIR1_D170A)_reverse,29,66.994,66.994,CGTCAACATCACTCTCTCGTAAGTCAAGC
mas00019_(c__)_(TIR1_D170A2)_forward,41,77.139,68.954,GAGAGTGATGTTGACGCCGTTAGTGGCCACTGGCTTAGCCA
mas00020_(AFB1_noflagtag)_reverse,36,68.633,63.272,ACATAGAATCACTTGTCATCGTCATCCTTGTAGTCG
mas00021_(AFB1_noflagtag2)_forward,41,69.938,67.270,CGATGACAAGTGATTCTATGTCAGGCTCCCTTATACACAGC
