,ID Number,Name,Length,Tm,Tm (3' only),Cost,Sequence,Sequence (3' only),well,stock primer concentration,volume of stock primer to add,concentration of diluted primer,volume of diluted primer,how much of the diluted primer is left,amount primer to add to frag amplification
0,0,oWL00375_(backbone)_forward,49,65.34,64.703,4.9,CACACCAGGTCTCAAAAAGCTTTATAGATTACAGTCGACAGATCAAAGG,AAGCTTTATAGATTACAGTCGACAGATCAAAGG,A1,100,1,2.5,40.0,,1.0
1,1,oWL00376_(backbone)_reverse,48,67.002,65.269,4.8,CACACCAGGTCTCAATGGGACTCTTTCTCCTCTTTAATCTCTAGTAGC,GGGACTCTTTCTCCTCTTTAATCTCTAGTAGC,A2,100,1,2.5,40.0,,1.0
2,2,oWL00379_(bb2)_forward,38,74.478,65.449,3.8,CACACCAGGTCTCAAGAGCTCAAAAAAAAACCCCGCCC,GAGCTCAAAAAAAAACCCCGCCC,A3,100,1,2.5,40.0,,1.0
3,3,oWL00380_(bb2)_reverse,47,63.91,61.637,4.7,CACACCAGGTCTCAGTCGACTGTAATCTATAAAGCTTTTAGAAAAAC,GTCGACTGTAATCTATAAAGCTTTTAGAAAAAC,A4,100,1,2.5,40.0,,1.0
4,4,oWL00381_(AmpR)_forward,45,71.102,63.479,4.5,CACACCAGGTCTCACGACCGCGGAACCCCTATTTGTTTATTTTTC,CGCGGAACCCCTATTTGTTTATTTTTC,A5,100,1,2.5,40.0,,1.0
5,5,oWL00382_(AmpR)_reverse,43,70.008,65.327,4.3,CACACCAGGTCTCATTTTACCAATGCTTAATCAGTGAGGCACC,TTACCAATGCTTAATCAGTGAGGCACC,A6,100,1,2.5,40.0,,1.0
6,6,oWL00387_(eforCP)_forward,46,70.905,66.786,4.6,CACACCAGGTCTCACCATGGCAGTGATTAAGCAGGTAATGAAGACC,ATGGCAGTGATTAAGCAGGTAATGAAGACC,B1,100,1,2.5,40.0,,1.0
7,7,oWL00388_(eforCP)_reverse,44,74.181,70.06,4.4,CACACCAGGTCTCACTCTTATTATGGGAGAGCCTTCGGCAGCGG,TTATTATGGGAGAGCCTTCGGCAGCGG,B2,100,1,2.5,40.0,,1.0
8,8,oWL00369_(eforCP)_forward,36,70.449,61.354,3.6,AGAAAGAGTCCCATGGCAGTGATTAAGCAGGTAATG,ATGGCAGTGATTAAGCAGGTAATG,B3,100,1,2.5,40.0,,1.0
9,9,oWL00370_(eforCP)_reverse,40,68.447,59.157,4.0,GGGGTTTTTTTTTGAGCTCTTATTATGGGAGAGCCTTCGG,TTATTATGGGAGAGCCTTCGG,B4,100,1,2.5,40.0,,1.0
