"ID Number","Name","Length","Tm","Tm (3' only)","Cost","Sequence","Sequence (3' only)"
0,"mas00001_(UpstreamTIR_P350L)_forward",34,69.148,60.14,3.4,"GTGACTGGTGAGTACTCAACCAAGTCATTCTGAG","AGTACTCAACCAAGTCATTCTGAG"
1,"mas00002_(UpstreamTIR_P350L)_(P350L_ttg_4223-4225)_reverse",43,72.009,62.543,4.3,"CATTTGGTTCCATGACAAACAACTCGGACGGAAACACTCTCAG","CTCGGACGGAAACACTCTCAG"
2,"mas00003_(DownstreamTIR_P350L)_forward",24,63.922,63.922,2.4,"TTTGTCATGGAACCAAATGTGGCA","TTTGTCATGGAACCAAATGTGGCA"
3,"mas00004_(DownstreamTIR_P350L)_reverse",35,69.063,64.22,3.5,"TTGAGTACTCACCAGTCACAGAAAAGCATCTTACG","CACCAGTCACAGAAAAGCATCTTACG"
4,"mas00009_(UpstreamTIR_V377I)_(V377I_att_4304-4306)_reverse",45,71.908,63.657,4.5,"CATTTGACGGCAGAAGTAGAGAATCGACTCGAGTTTTGGACAGCC","CGACTCGAGTTTTGGACAGCC"
5,"mas00010_(DownstreamTIR_V377I)_forward",24,63.346,63.346,2.4,"CTCTACTTCTGCCGTCAAATGACC","CTCTACTTCTGCCGTCAAATGACC"
6,"mas00013_(UpstreamTIR_E352D)_(E352D_gac_4220-4222)_reverse",46,73.572,62.826,4.6,"CATTTGGTTCCATGACAAAAGGGTCGGACGGAAACACTCTCAGCTC","GGACGGAAACACTCTCAGCTC"
7,"mas00014_(DownstreamTIR_E352D)_forward",24,61.159,61.159,2.4,"CCTTTTGTCATGGAACCAAATGTG","CCTTTTGTCATGGAACCAAATGTG"
8,"mas00017_(UpstreamTIR_R484K)_(R484K_aaa_4625-4627)_reverse",42,69.467,63.236,4.2,"CAGTCCCTTATCTCTAGTTTTTTCAAGCTATCGCACCCGGAC","CAAGCTATCGCACCCGGAC"
9,"mas00018_(DownstreamTIR_R484K)_forward",25,65.016,65.016,2.5,"AAACTAGAGATAAGGGACTGCCCGT","AAACTAGAGATAAGGGACTGCCCGT"
10,"mas00019_(UpstreamTIR_K496T)_(K496T_acg_4661-4663)_reverse",49,72.668,63.679,4.9,"GAAGCATTGGCCAAAAGCGCCGTAAAACTCACGGAACAAGAAGACATCC","AAAACTCACGGAACAAGAAGACATCC"
11,"mas00020_(DownstreamTIR_K496T)_forward",20,63.862,63.862,2,"GCGCTTTTGGCCAATGCTTC","GCGCTTTTGGCCAATGCTTC"
12,"mas00021_(UpstreamTIR_G521S)_(G521S_tcc_4736-4738)_reverse",43,75.452,62.543,4.3,"GTCCTAGTAACTTGCAGGCGGACTCGGACGGAAACACTCTCAG","CTCGGACGGAAACACTCTCAG"
13,"mas00022_(DownstreamTIR_G521S)_forward",21,60.541,60.541,2.1,"GCCTGCAAGTTACTAGGACAG","GCCTGCAAGTTACTAGGACAG"
14,"mas00023_(UpstreamAFB_L403I)_(L403I_ata_4379-4381)_reverse",45,72.765,64.825,4.5,"GATCGGGTTTGTTTGGCTCTATGATGCAGAGTCGGAAACGGATGA","GATGCAGAGTCGGAAACGGATGA"
15,"mas00024_(DownstreamAFB_L403I)_forward",22,64.619,64.619,2.2,"GAGCCAAACAAACCCGATCACG","GAGCCAAACAAACCCGATCACG"
