Oligo Name,Length,Tm,Tm (3' only),Sequence
oWL00001-tCYC1_F,30,,,ATTAGTTATGTCACGCTTACATTCACGCCC
oWL00002-TRP1_R,21,,,ATGGCTTGGCATGGCGATTTC
oWL00003-HIS3_R,24,,,CGAAAATTTGGGTGGCCAACTCTC
oWL00004-LEU2_R,27,,,ctacagaagcagaaatacacgcagtca
oWL00005-URA3_R,25,,,ctgttccagcccatatccaacttcc
oWL00006-j5_0475_(yeGFP)_reverse,51,,,GCCTCCACTACCGCCTTTGTACAATTCATCCATACCATGGGTAATACCAGC
oWL00007-j5_0474_(yeGFP)_forward,51,,,GGATCCCCCGGGAAAAATGTCTAAAGGTGAAGAATTATTCACTGGTGTTGT
oWL00009-j5_0473_(pGP4G2-IAA17)_forward,36,,,GGATGAATTGTACAAAGGCGGTAGTGGAGGCGGTGG
oWL00010-j5_0479_(TagRFP)_reverse,38,,,GCCTCCACTACCGCCATTAAGTTTGTGCCCCAGTTTGC
oWL00011-j5_0478_(TagRFP)_forward,36,,,GATCCCCCGGGAAAAATGGTGTCTAAGGGCGAAGAG
oWL00012-j5_0477_(pGP4G2-IAA17)_reverse,38,,,CCCTTAGACACCATTTTTCCCGGGGGATCCACTAGTTC
oWL00013-j5_0476_(pGP4G2-IAA17)_forward,35,,,GGGCACAAACTTAATGGCGGTAGTGGAGGCGGTGG
oWL00014-PGPD_seq_F,24,,,cggtaggtattgattgtaattctg
oWL00015-TCYC1_seq_R,30,,,GGGCGTGAATGTAAGCGTGACATAACTAAT
oWL00016-j5_0490_(mCherry)_forward,53,,,GATTCTAGAACTAGTGGATCCCCCGGGAAAAATGGTGAGCAAGGGCGAGGAGG
oWL00017-j5_0489_(mKate2)_reverse,47,,,CCAGATCCACCGCCTCCACTACCGCCTCTGTGCCCCAGTTTGCTAGG
oWL00018-j5_0488_(mKate2)_forward,49,,,GATTCTAGAACTAGTGGATCCCCCGGGAAAAATGCATGTGAGCGAGCTG
oWL00019-j5_0487_(mScarlet)_reverse,50,,,CCAGATCCACCGCCTCCACTACCGCCCTTGTACAGCTCGTCCATGCCGCC
oWL00020-j5_0486_(mScarlet)_forward,53,,,GATTCTAGAACTAGTGGATCCCCCGGGAAAAATGGTGAGCAAGGGCGAGGCAG
oWL00021-j5_0485_(moxGFP)_reverse,50,,,CCAGATCCACCGCCTCCACTACCGCCCTTGTACAGCTCGTCCATGCCGTG
oWL00022-j5_0484_(moxGFP)_forward,53,,,GATTCTAGAACTAGTGGATCCCCCGGGAAAAATGGTGTCCAAGGGCGAGGAGC
oWL00023-j5_0483_(pGP4G2-IAA17)_reverse,27,,,CATTTTTCCCGGGGGATCCACTAGTTC
oWL00024-j5_0482_(pGP4G2-IAA17)_forward,20,,,GGCGGTAGTGGAGGCGGTGG
oWL00025-j5_0481_(mClover3)_reverse,50,,,CCAGATCCACCGCCTCCACTACCGCCCTTGTACAGCTCGTCCATGCCATG
oWL00026-j5_0480_(mClover3)_forward,53,,,GATTCTAGAACTAGTGGATCCCCCGGGAAAAATGGTGAGCAAGGGCGAGGAGC
oWL00027-j5_00006_(iaaH)_reverse,40,,,AGAAAGCTGGGTTCTAATTAAAAGCATCGGGAAAGGAAGG
oWL00028-j5_00005_(iaaH)_forward,36,,,CGGATCAGGTGGGATGGTGCCCATTACCTCGTTAGC
oWL00029-j5_00004_(mCherry-linker)_reverse,34,,,TAATGGGCACCATCCCACCTGATCCGCCACCACC
oWL00030-j5_00003_(mCherry-linker)_forward,35,,,AGTTCAAGAAAAAATGGTGAGCAAGGGCGAGGAGG
oWL00031-j5_00002_(pGP6pIAA19)_reverse,46,,,CGCCCTTGCTCACCATTTTTTCTTGAACTTCTTTTTTTCCTCTCAC
oWL00032-j5_00001_(pGP6pIAA19)_forward,44,,,TCCCGATGCTTTTAATTAGAACCCAGCTTTCTTGTACAAAGTGG
oWL00033-j5_00008_((Hx6Fx3)_reverse),60,,,CACACCAGGTCTCAAGGCCTTGTAATCTCCACCAGATCCCTTGTCATCGTCATCCTTGTA
oWL00034-j5_00007_((Hx6Fx3)_forward),60,,,CACACCAGGTCTCAAATGCACCATCATCACCACCATGACTACAAGGATGACGATGACAAG
oWL00035-j5_00006_(HaRXL10)_reverse,40,,,CACACCAGGTCTCATTACGCTTTTTTACGCATTAGAGCGG
oWL00036-j5_00005_(HaRXL10)_forward,37,,,CACACCAGGTCTCAGCCTCGGGACTCGCGAAACTAGG
oWL00037-j5_00004_(mCherry)_reverse,38,,,CACACCAGGTCTCAAGGCGTACAGCTCGTCCATGCCGC
oWL00038-j5_00003_(mCherry)_forward,37,,,CACACCAGGTCTCAAATGGTGAGCAAGGGCGAGGAGG
oWL00039-j5_00002_(pGP6G2-ccdB_backbone)_reverse,48,,,CACACCAGGTCTCACATTTTGTGATGGATCCACTAGTTCTAGAATCCG
oWL00040-j5_00001_(pGP6G2-ccdB_backbone)_forward,46,,,CACACCAGGTCTCAGTAATTCTGTCATGTAATTAGTTATGTCACGC
oWL00041-j5_00004_(JAZ3)_reverse,45,,,GGGCGCCAGCACCTTAGGTTGCAGAGCTGAGAGAAGAACTAATGC
oWL00042-j5_00003_(JAZ3)_forward,41,,,GCGGATCAGGTGGGATGGAGAGAGATTTTCTCGGGTTGGGT
oWL00043-j5_00002_(pGP4GV)_reverse,40,,,CGAGAAAATCTCTCTCCATCCCACCTGATCCGCCACCACC
oWL00044-j5_00001_(pGP4GV)_forward,31,,,CTCTGCAACCTAAGGTGCTGGCGCCCCCAAG
oWL00045-j5_00006_(HTA9)_reverse,57,,,TCACCATCATGATCCTTGTAATCTCCACCAGATCCTTCCTTGGCGGATTTGTTGATG
oWL00046-j5_00005_(HTA9)_forward,49,,,GACTGGTGGACAGCAAATGGGTCGCGATGTCGGGGAAAGGTGCTAAAGG
oWL00047-j5_00004_(TAP_Flag_His_Stop)_reverse,49,,,CTCAGTGGTGGTGGTGGTGGTGCTCGACTAATGGTGGTGATGATGGTGC
oWL00048-j5_00003_(TAP_Flag_His_Stop)_forward,22,,,GGATCTGGTGGAGATTACAAGG
oWL00049-j5_00002_(HTA4)_reverse,60,,,TCACCATCATGATCCTTGTAATCTCCACCAGATCCGTGGATGTGAGGGATCACACTTCCT
oWL00050-j5_00001_(HTA4)_forward,60,,,GACTGGTGGACAGCAAATGGGTCGCGATGGTGTGCAACACGAATATACTAAAAGATGTGT
oWL00051-TRP1_5UTR_F,21,,,AGTTATGACGCCAGATGGCAG
oWL00052-TRP1_3UTR_R,25,,,ATGATTACGAGGATACGGAGAGAGG
oWL00053-j5_0457_(Yeast_side)_reverse,41,,,ACAGCTATGACCATGGTTTAAACTGGAGCCATAATGACAGC
oWL00054-j5_0456_(Yeast_side)_forward,41,,,TGCACCCAACTGATCCTCAGCATCTTTTACTTTCACCAGCG
oWL00055-j5_0455_(Ecoli_side)_(c)_reverse,34,,,AAGATGCTGAGGATCAGTTGGGTGCACGAGTGGG
oWL00056-j5_0454_(Ecoli_side)_forward,41,,,TGGCTCCAGTTTAAACCATGGTCATAGCTGTTTCCTGTGTG
oWL00057-j5_00054_(mScarlet)_reverse,38,,,CATGACATCGATTACTTGTACAGCTCGTCCATGCCGCC
oWL00058-j5_00040_(mScarlet)_forward,33,,,GAATCCAGGTCCAATGGTGAGCAAGGGCGAGGC
oWL00059-j5_00053_(Backbone)_reverse,41,,,CCCTTGCTCACCATTGGACCTGGATTCAATTCAACATCACC
oWL00060-j5_00052_(Backbone)_forward,48,,,GGACGAGCTGTACAAGTAATCGATGTCATGTAATTAGTTATGTCACGC
oWL00061-j5_00058_(IAA17t1-JAZ9)_reverse,35,,,ATGACATCGATTATCCGGTCGACAAATCAAGAAGC
oWL00062-j5_00057_(IAA17t1-JAZ9)_forward,40,,,TGAATCCAGGTCCAGGTTCTGGATCAGGTAGTGGCTCAGG
oWL00063-j5_00056_(Backbone)_reverse,39,,,TGATCCAGAACCTGGACCTGGATTCAATTCAACATCACC
oWL00064-j5_00055_(Backbone)_forward,48,,,TGATTTGTCGACCGGATAATCGATGTCATGTAATTAGTTATGTCACGC
oWL00065-j5_00004_(HTA9)_(BamHI_Restriction_Site)_reverse,34,,,GAATTCGGATCCTTCCTTGGCGGATTTGTTGATG
oWL00066-j5_00003_(NheI_Restriction_Site)_(HTA9)_forward,35,,,CATATGGCTAGCATGTCGGGGAAAGGTGCTAAAGG
oWL00067-j5_00002_(HTA4_NoStop)_(BamHI_Restriction_Site)_reverse,39,,,GAATTCGGATCCGTGGATGTGAGGGATCACACTTCCTCC
oWL00068-j5_00001_(NheI_Restriction_Site)_(HTA4_NoStop)_forward,48,,,CATATGGCTAGCATGGTGTGCAACACGAATATACTAAAAGATGTGTCG
oWL00069-tADH1_seq_R,23,,,CCTGAGAAAGCAACCTGACCTAC
oWL00070-pDONOR207_seq_F,22,,,CTGATAGTGACCTGTTCGTTGC
oWL00071-pDONOR207_seq_R,22,,,CTGATAGTGACCTGTTCGTTGC
oWL00072-j5_00062_(TIR1_3XFLAG6XHis)_(NotI)_reverse,56,,,GTCTCACATGAGGATCCGCGGCCGCTCAATGGTGGTGATGATGGTGCTTGTCATCG
oWL00073-j5_00061_(TIR1_3XFLAG6XHis)_forward,46,,,AGACATGTAAAGCTAGCATGCAGAAGCGAATAGCCTTGTCGTTTCC
oWL00074-j5_00060_(Backbone_FDP_p10B2_TIR1)_(NheI)_reverse,56,,,AGGCTATTCGCTTCTGCATGCTAGCTTTACATGTCTATGAGCTTATCACATGTTTC
oWL00075-j5_00059_(Backbone_FDP_p10B2_TIR1)_forward,35,,,ATTGAGCGGCCGCGGATCCTCATGTGAGACGGAGG
oWL00076-j5_00065_(AFB2_3xFLAG_6xHis)_(NotI)_revers,48,,,CGTCTCACATGAGGATCCGCGGCCGCTCAATGGTGGTGATGATGGTGC
oWL00077-j5_00064_(AFB2_3xFLAG_6xHis)_forward,54,,,GCTCATAGACATGTAAAGCTAGCATGAATTATTTCCCAGATGAAGTAATAGAGC
oWL00078-j5_00063_(Backbone_FdP_p10B2_AFB2)_(NheI)_reverse,60,,,ACTTCATCTGGGAAATAATTCATGCTAGCTTTACATGTCTATGAGCTTATCACATGTTTC
oWL00079-j5_00070_(3xFLAG-6xHis)_(NotI)_reverse,48,,,GTCTCACATGAGGATCCGCGGCCGCTCAATGGTGGTGATGATGGTGCT
oWL00080-j5_00069_(3xFLAG-6xHis)_forward,32,,,GGAGCCAATATGAAGACGGTCACAGCTTGTCT
oWL00081-j5_00068_(COI1)_reverse,45,,,ACAAGCTGTGACCGTCTTCATATTGGCTCCTTCAGGACTCTAACA
oWL00082-j5_00067_(COI1)_forward,44,,,AGACATGTAAAGCTAGCATGGAGGATCCTGATATCAAGAGGTGT
oWL00083-j5_00066_(Backbone_FDP_p10B2_COI1)_(NheI)_reverse,50,,,CAGGATCCTCCATGCTAGCTTTACATGTCTATGAGCTTATCACATGTTTC
oWL00084-j5_00059_(Backbone_FDP_p10B2_COI1)_forward,35,,,ATTGAGCGGCCGCGGATCCTCATGTGAGACGGAGG
oWL00085-j5_0456_(Yeast_side)_forward,41,,,TGCACCCAACTGATCCTCAGCATCTTTTACTTTCACCAGCG
oWL00086-j5_0455_(Ecoli_side)_(c)_reverse,34,,,AAGATGCTGAGGATCAGTTGGGTGCACGAGTGGG
oWL00087-j5_00008_(Pdar)_forward,48,,,CAGCTCAGACTCAGCGAATGCGAACTGGCAGCGATCTGGGTAAAAAGC
oWL00088-j5_00007_(Prb)_forward,41,,,CAGCTCAGACTCAGCGAATGCGAACTGGCAGCACCCGTCCG
oWL00089-j5_00006_(pGP8A-ARF7)_reverse,24,,,AGTTCGCATTCGCTGAGTCTGAGC
oWL00090-j5_00005_(Pdar)_forward,48,,,AAATTGCGACACCCCGCGTCCGAACCGGCAGCGATCTGGGTAAAAAGC
oWL00091-j5_00004_(Prb)_reverse,32,,,AGAAAGCTGGGTGTCAGTGGTGGTGGTGGTGG
oWL00092-j5_00003_(Prb)_forward,41,,,AAATTGCGACACCCCGCGTCCGAACCGGCAGCACCCGTCCG
oWL00093-j5_00002_(pGP8A-ARF5)_reverse,15,,,GGTTCGGACGCGGGG
oWL00094-j5_00001_(pGP8A-ARF5)_forward,38,,,CCACCACCACTGACACCCAGCTTTCTTGTACAAAGTGG
oWL00095-j5_00019_(IAA12_noPB1)_reverse,39,,,CACACCAGGTCTCAGCCGCCCTGAACTTTCGGATTCACC
oWL00096-j5_00018_(IAA12_noPB1)_forward,43,,,CACACCAGGTCTCATCAACGTGGTGTGTCAGAATTGGAGGTGG
oWL00097-j5_00017_(Pdar)_forward,37,,,CACACCAGGTCTCACGGCAGCGATCTGGGTAAAAAGC
oWL00098-j5_00016_(pWL106_BsaI)_(C_to_T)_reverse,44,,,CACACCAGGTCTCAGTGGATCTCGCGGTATCATTGCAGCACTGG
oWL00099-j5_00015_(pWL106_BsaI)_forward,43,,,CACACCAGGTCTCAGATTCTTGTACAAAGTGGTGATGGGCTGC
oWL00100-j5_00014_(Prb)_reverse,38,,,CACACCAGGTCTCAAATCAGTGGTGGTGGTGGTGGTGC
oWL00101-j5_00013_(Prb)_forward,34,,,CACACCAGGTCTCACGGCAGCACCCGTCCGATTG
oWL00102-j5_00012_(IAA14_noPB1)_reverse,42,,,CACACCAGGTCTCAGCCGGTTCCTCCACCACTACTCATTGCC
oWL00103-j5_00011_(IAA14_noPB1)_forward,48,,,CACACCAGGTCTCATCAAAACCTTAAGGAGACGGAGCTTTGTCTTGGC
oWL00104-j5_00010_(pGP4G-TPL)_reverse,39,,,CACACCAGGTCTCATTGATGTCCACCACCTGGTCCACCA
oWL00105-j5_00009_(pGP4G-TPL)_forward,34,,,CACACCAGGTCTCACCACGCTCACCGGCTCCAGA
oWL00106-TADH1_Seq_R,23,,,GAGAAAGCAACCTGACCTACAGG
oWL00107-10B2_Seq_F,21,,,GCTGTCGCCGAAGAAGTTAAG
oWL00108-j5_00019_(pWL239-pMOD6G-AtGH3-17)_forward,58,,,CTGGTGGTGGCGGATCAGGTGGGATGATACCAAGTTACGACCCAAATGATACAGAGGC
oWL00109-j5_00018_(pWL238-pMOD6G-AtGH3-9)_forward,48,,,CTGGTGGTGGCGGATCAGGTGGGATGGATGTAATGAAGCTTGATCACG
oWL00110-j5_00017_(pWL211-pMOD6G-AtGH3-5)_forward,57,,,CTGGTGGTGGCGGATCAGGTGGGATGCCTGAGGCACCAAAGAAAGAATCTTTAGAGG
oWL00111-j5_00016_(pWL208-pMOD6G-AtGH3-11)_forward,49,,,CTGGTGGTGGCGGATCAGGTGGGATGGATGCTCTGAAACATAAAAGAGC
oWL00112-j5_00015_(pWL209-pMOD6G-AtGH3-3)_forward,46,,,CTGGTGGTGGCGGATCAGGTGGGATGACCGTTGATTCAGCTCTGCG
oWL00113-j5_00014_(pWL207-pMOD6G-AtGH3-10)_forward,45,,,CTGGTGGTGGCGGATCAGGTGGGATGGAAACTGTAGAAGCGGGGC
oWL00114-j5_00013_(pWL210-pMOD6G-AtGH3-6)_forward,46,,,CTGGTGGTGGCGGATCAGGTGGGATGCCTGAGGCACCAAAGATCGC
oWL00115-j5_00012_(mCherry-linker)_reverse,24,,,CATCCCACCTGATCCGCCACCACC
oWL00116-j5_00011_(mCherry-linker)_forward,35,,,GTGGATCTACAAAATGGTGAGCAAGGGCGAGGAGG
oWL00117-j5_00010_(pWL240-pMOD6G-AtGH3-4)_reverse,48,,,GCCCTTGCTCACCATTTTGTAGATCCACTAGTTCTAGAATCCGATCCG
oWL00118-j5_00009_(pWL240-pMOD6G-AtGH3-4)_forward,53,,,CTGGTGGTGGCGGATCAGGTGGGATGGCTGTTGATTCGCTTCTTCAATCTGGG
oWL00119-j5_00016_(HaRXL23)_(BamHI_Restriction_Site)_reverse,42,,,GAATTCGGATCCCGCATCTACGTGTTTCAGACAATAACTATC
oWL00120-j5_00015_(NheI_Restriction_Site)_(HaRXL23)_forward,36,,,CATATGGCTAGCATGGTTGAGTCAACCGCTACTTCT
oWL00121-j5_00014_(HaRXL10)_(BamHI_Restriction_Site)_reverse,41,,,GAATTCGGATCCCGCTTTTTTACGCATTAGAGCGGATGAGA
oWL00122-j5_00013_(NheI_Restriction_Site)_(HaRXL10)_forward,31,,,CATATGGCTAGCATGGCCTCGGGACTCGCGA
oWL00123-j5_00012_(HaRXL23)_reverse,55,,,GATCCTTGTAATCTCCACCAGATCCCGCATCTACGTGTTTCAGACAATAACTATC
oWL00124-j5_00011_(HaRXL23)_forward,46,,,GGTGGACAGCAAATGGGTCGCGATGGTTGAGTCAACCGCTACTTCT
oWL00125-j5_00010_(FlagTagStop)_reverse,37,,,GGTGGTGGTGCTCGACTAATGGTGGTGATGATGGTGC
oWL00126-j5_00009_(FlagTagStop)_forward,25,,,GCGGGATCTGGTGGAGATTACAAGG
oWL00127-j5_00008_(HaRXL10)_reverse,54,,,GATCCTTGTAATCTCCACCAGATCCCGCTTTTTTACGCATTAGAGCGGATGAGA
oWL00128-j5_00007_(HaRXL10)_forward,41,,,GGTGGACAGCAAATGGGTCGCGATGGCCTCGGGACTCGCGA
oWL00129-j5_00006_(pet28a_backbone)_reverse,26,,,CCATCGCGACCCATTTGCTGTCCACC
oWL00130-j5_00005_(pet28a_backbone)_forward,36,,,CATCACCACCATTAGTCGAGCACCACCACCACCACC
oWL00131-j5_00014_(Hx6Fx3)_reverse,50,,,ACCATCTTGTAATCTCCACCAGATCCCTTGTCATCGTCATCCTTGTAGTC
oWL00132-j5_00013_(Hx6Fx3)_forward,50,,,AATGGACTACAAGGATGACGATGACAAGGGATCTGGTGGAGATTACAAGA
oWL00133-j5_00012_(HaRXL_23)_reverse,43,,,CACACCAGGTCTCATCACGCATCTACGTGTTTCAGACAATAAC
oWL00134-j5_00011_(HaRXL_23)_forwardq,43,,,CACACCAGGTCTCATGGTTGAGTCAACCGCTACTTCTACCGAC
oWL00135-j5_00010_(mCherry)_reverse,39,,,CACACCAGGTCTCAACCATGTACAGCTCGTCCATGCCGC
oWL00136-j5_00009_(pGP6G_backbone)_forward,46,,,CACACCAGGTCTCAGTGATTCTGTCATGTAATTAGTTATGTCACGC
oWL00137-mas00008_(pWL119-Backbone)_(Nhe1)_reverse,51,,,TGGGGTGGTCTCGCTAGTTTGTGATGGGGGATCCACTAGTTCTAGAATCCG
oWL00138-mas00007_(pWL119-Backbone)_forward,40,,,AAGGTCTCAGGCCTATGTCAGGCTCCCTTATACACAGCCA
oWL00139-mas00006_(pWL119-ccdB)_(NotI)_reverse,46,,,GGAGCCTGACATAGGCCTGAGACCTTATATTCCCCAGAACATCAGG
oWL00140-mas00005_(pWL119-ccdB)_forward,37,,,CCATCACAAACTAGCGAGACCACCCCAGGCTTTACAC
oWL00141-mas00004_(pWL234-pIU-Backbone-pj5_0186)_reverse,41,,,CAGGATCCTCCATGCTAGCTTTACATGTCTATGAGCTTATC
oWL00142-mas00003_(pWL234-pIU-Backbone)_forward,47,,,CCTGAAGGAGCCAATAGATTACAAGGATCATGATGGTGATTACAAGG
oWL00143-mas00002_(COI1_No-Stop)_reverse,40,,,GATCCTTGTAATCTATTGGCTCCTTCAGGACTCTAACAGT
oWL00144-mas00001_(COI1_No-Stop)_forward,41,,,CATGTAAAGCTAGCATGGAGGATCCTGATATCAAGAGGTGT
oWL00145-mas00015_(p3_2x)_reverse,60,,,CAAAGTCTTGACGAAAATCTGCATTTTTTCTTGAACTTCTTTTTTTCCTCTCACAATTTG
oWL00146-mas00014_(p3_2x)_forward,49,,,GTTTTCCCAGTCACGACAAACAGCACCAAACTTATATCTCTCATGTGAC
oWL00147-mas00013_(UbV)_reverse,49,,,TCACTGCCTCGCCCTTGCTCACCATAACACCTCTTAGCCTTAGCACAAG
oWL00148-mas00012_(pIU_backbone)_reverse,37,,,TTTGGTGCTGTTTGTCGTGACTGGGAAAACCCTGGCG
oWL00149-mas00011_(pIU_backbone)_forward,48,,,GGACGAGCTGTACAAGTAAAACCCAGCTTTCTTGTACAAAGTGGTTCG
oWL00150-mas00010_(mScarlet)_(stop)_reverse,42,,,CAAGAAAGCTGGGTTTTACTTGTACAGCTCGTCCATGCCGCC
oWL00151-mas00009_(mScarlet)_forward,21,,,TATGGTGAGCAAGGGCGAGGC
oWL00152-mas00008_(Ubi)_reverse,46,,,TCACTGCCTCGCCCTTGCTCACCATACCACCTCTTAGCCTTAGCAC
oWL00153-mas00007_(Ubi)_forward,26,,,AAATGCAGATTTTCGTCAAGACTTTG
oWL00154-mas00006_(pIAA19)_reverse,52,,,CAAAGTCTTGACGAAAATCTGCATTTCTTGAACTTCTTTTTTTCCTCTCACA
oWL00155-mas00005_(pIAA19)_forward,43,,,GTTTTCCCAGTCACGACAAACAGCACCAAACTTATGTCTCTCA
oWL00156-ACT1_53_f,22,,,AATTGCACGGTCCCAATTGCTC
oWL00157-ACT1_602_r,24,,,GGGGCAACTCTCAATTCGTTGTAG
oWL00158-mas00005_(tir1)_forward,59,,,GCTGGTGATGTTGAATTGAATCCAGGTCCAATGCAGAAGCGAATAGCCTTGTCGTTTCC
oWL00159-mas00004_(afb2)_reverse,34,,,GCCCTTGCTCACCATATGGTGGTGATGATGGTGC
oWL00160-mas00003_(afb2)_forward,61,,,GCTGGTGATGTTGAATTGAATCCAGGTCCAATGAATTATTTCCCAGATGAAGTAATAGAGC
oWL00161-mas00002_(pwl233)_reverse,33,,,CATTGGACCTGGATTCAATTCAACATCACCAGC
oWL00162-mas00001_(pwl233)_forward,33,,,TCATCACCACCATATGGTGAGCAAGGGCGAGGC
oWL00163-mScarlet-seq-f,20,,,ccccgtaatgcagaagaaga
oWL00164-mScarlet-seq-r,19,,,ttggtcaccttcagcttgg
oWL00165-mas00021_(AFB1_noflagtag2)_forward,41,,,CGATGACAAGTGATTCTATGTCAGGCTCCCTTATACACAGC
oWL00166-mas00020_(AFB1_noflagtag)_reverse,36,,,ACATAGAATCACTTGTCATCGTCATCCTTGTAGTCG
oWL00167-mas00019_(c__)_(TIR1_D170A2)_forward,41,,,GAGAGTGATGTTGACGCCGTTAGTGGCCACTGGCTTAGCCA
oWL00168-mas00018_(TIR1_D170A)_reverse,29,,,CGTCAACATCACTCTCTCGTAAGTCAAGC
oWL00169-mas00017_(C_)_(TIR1_M473A2)_forward,40,,,GACAGTGACTTAGGCACGCATCATGTTTTGTCCGGGTGCG
oWL00170-mas00016_(TIR1_M473A)_reverse,22,,,TGCCTAAGTCACTGTCTCCTGC
oWL00171-mas00015_(A)_(TIR1_E12K2)_forward,40,,,CTTGTCGTTTCCAGAAAAGGTACTAGAGCATGTGTTCTCG
oWL00172-mas00014_(TIR1_E12K)_reverse,25,,,TTCTGGAAACGACAAGGCTATTCGC
oWL00173-mas00013_(TIR1_E12K)_forward,33,,,ACTGATCCTCAGCATCTTTTACTTTCACCAGCG
oWL00174-mas00012_(glutamic_acid)_(AFB1_S434E2)_forward,46,,,GGATCTTCGACGGCTCGAGGTCTCTGGTCTTCTCTCTGACAAGGCC
oWL00175-mas00011_(AFB1_S434E)_reverse,20,,,GAGCCGTCGAAGATCCCTGC
oWL00176-mas00010_(_A_)_(AFB1_A460E2)_forward,51,,,GGTTAGGATGCTATCAATAGAATTTGCTGGGGACAGTGATTTGATGCTTCA
oWL00177-mas00009_(AFB1_A460E)_reverse,28,,,CTATTGATAGCATCCTAACCTTCTTGGC
oWL00178-mas00008_(G)_(AFB1_K8E2)_forward,41,,,GACTCCGATTCCCACCTGAGGTGTTGGAACATATCCTCTCC
oWL00179-mas00007_(AFB1_K8E)_reverse,17,,,GGTGGGAATCGGAGTCC
oWL00180-mas00006_(A2)_(AFB1_G143D2)_forward,48,,,GAAGGTTTCTCTACTGATGATATCGCTGCTATTGCAGCTACTTGCAGG
oWL00181-mas00005_(AFB1_G143D)_reverse,24,,,CATCAGTAGAGAAACCTTCACAAG
oWL00182-mas00004_(AFB1_V113A2)_(C2)_reverse,32,,,GATGCTGAGGATCAGTTGGGTGCACGAGTGGG
oWL00183-mas00003_(C)_(AFB1_V113A2)_forward,47,,,ATGAAGAGGATGGTGGCGACTGATGAGTGCTTAGAGAAAATTGCTGC
oWL00184-mas00002_(AFB1_V113A)_reverse,23,,,CCACCATCCTCTTCATTCTGATC
oWL00185-mas00001_(AFB1_V113A)_forward,35,,,CAACTGATCCTCAGCATCTTTTACTTTCACCAGCG
oWL00186-3XF-6XH-seq-r,19,,,GATCCTTGTAATCTCCACC
oWL00187-mas00008_(ARF7_571-end)_forward,35,,,CTTACGGTTTAGATGGATCGAGGGGATATGACTCC
oWL00188-mas00007_(ARF7_0-570th)_reverse,24,,,TCCATCTAAACCGTAAGAAGTTCC
oWL00189-mas00006_(backbone)_reverse,43,,,GCTTTCATTTTGAAGCCTGCTTTTTTGTACAAACTTGTGATGG
oWL00190-mas00005_(backbone)_forward,33,,,ACCGGTGACACCCAGCTTTCTTGTACAAAGTGG
oWL00191-mas00004_(ARF7_51-end)_reverse,29,,,GCTGGGTGTCACCGGTTAAACGAAGTGGC
oWL00192-mas00003_(ARF7_51-end)_forward,41,,,CCTTTCTACATATGTCCTCCTTCGAGTACTATCTTTCCTGG
oWL00193-mas00002_(ARF7_0-10th)_reverse,29,,,AGGACATATGTAGAAAGGAGTTAAAACCG
oWL00194-mas00001_(ARF7_0-10th)_forward,35,,,GCAGGCTTCAAAATGAAAGCTCCTTCATCAAATGG
oWL00195-mas00008_(ARF19_241-end)_forward,36,,,CTACTGGATTCTCTCAGCAGCAGCAACTGGAAATGC
oWL00196-mas00007_(ARF19_0-200)_reverse,21,,,CTGAGAGAATCCAGTAGGTTG
oWL00197-mas00006_(Backbone_ARF19del)_reverse,43,,,GCTTTCATTTTGAAGCCTGCTTTTTTGTACAAACTTGTGATGG
oWL00198-mas00005_(Backbone_ARF19del)_forward,33,,,ACAGATAGCACCCAGCTTTCTTGTACAAAGTGG
oWL00199-mas00004_(ARF19_051-end)_reverse,32,,,GCTGGGTGCTATCTGTTGAAAGAAGCTGCAGC
oWL00200-mas00003_(ARF19_051-end)_forward,41,,,CCTTTTTACATATGTCCTGCACAGAGTTCGATGTTCCCTGG
oWL00201-mas00002_(ARF19_0-010)_reverse,20,,,AGGACATATGTAAAAAGGAG
oWL00203-mas00001_(ARF19_0-010)_forward,28,,,GGCTTCAAAATGAAAGCTCCATCAAATG
oWL00204-ARF19-DBD-end-seq-f,19,,,ctgtaagatggaaaggctc
oWL00205-ARF7-DBD-end-seq-f,19,,,CGGTATGCGGTTTAGAATG
oWL00206-TCYC1_seq_new_R,18,,,GGAGGGCGTGAATGTAAG
oWL00207-TADH1_seq_f,19,,,TCGCTCTTATTGACCACAC
oWL00208-mas00003_(AFB1_noflagtag2)_forward,43,,,CTAGCCATAAAGTGATTCTATGTCAGGCTCCCTTATACACAGC
oWL00209-mas00002_(AFB1_noflagtag)_reverse,36,,,GACATAGAATCACTTTATGGCTAGATGTGAAACTCC
oWL00210-attB2_5TCYC1_r,30,,,agaaagctgggtGGAGGGCGTGAATGTAAG
oWL00211-j5_00015new_(pWL233_BsaI)_forward,45,,,CACACCAGGTCTCAGATTCACATCACCTCCCACAACGAGGACTAC
oWL00212-TCYC1_3end_r,18,,,TAAAGCCTTCGAGCGTCC
oWL00213-GFP_seq_f,20,,,TTGGTGATGGTCCAGTCTTG
oWL00214-GFP_seq_r,18,,,CATCACCTTCACCTTCAC
oWL00215_(panARS_Yres)_reverse,38,,,GATAATGATAAACTAGCTTATCGATACCGTCGACCTCG
oWL00216_(TIR1sensor)_forward,37,,,GTATCGATAAGCTAGTTTATCATTATCAATACTCGCC
oWL00217_(TIR1sensor)_reverse,31,,,CAAAAGCTGGACAAATTAAAGCCTTCGAGCG
oWL00218_(ColE1ori_AmpR)_forward,36,,,CTTTAATTTGTCCAGCTTTTGTTCCCTTTAGTGAGG
oWL00219_(pCTCON2)_forward,36,,,CACCATTAATAGCTCGAGATCTGATAACAACAGTGT
oWL00220_(pCTCON2)_reverse,24,,,ACTTGACCGCCGCCACCGCAGCTA
oWL00221_(Nano-26)_forward,37,,,GTGGCGGCGGTCAAGTCCAATTGCAAGAAAGCGGTGG
oWL00222_(Nano-26)_reverse,46,,,CAGATCTCGAGCTATTAATGGTGGTGATGATGATGACTCGACACCG
oWL00223_(Nano-85)_forward,37,,,GTGGCGGCGGTCAAGTGCAGCTACAGGAAAGTGGTGG
oWL00224_(Nano-85)_reverse,46,,,CAGATCTCGAGCTATTAATGGTGATGATGATGATGTGATGAAACCG
oWL00225_(Aga2)_forward,50,,,CACACCAGGTCTCAAATGCAGTTACTTCGCTGTTTTTCAATATTTTCTGT
oWL00226_(Aga2)_reverse,35,,,CACACCAGGTCTCATGACCGCCGCCACCGCAGCTA
oWL00227_(Nano-26)_forward,42,,,CACACCAGGTCTCAGTCAAGTCCAATTGCAAGAAAGCGGTGG
oWL00228_(Nano-26)_(stp)_reverse,50,,,CACACCAGGTCTCAAGAATTAATGGTGGTGATGATGATGACTCGACACCG
oWL00229_(Nano-85)_forward,42,,,CACACCAGGTCTCAGTCAAGTGCAGCTACAGGAAAGTGGTGG
oWL00230_(Nano-85)_(stp)_reverse,50,,,CACACCAGGTCTCAAGAATTAATGGTGATGATGATGATGTGATGAAACCG
oWL00231_(IAA12-prb)_forward,33,,,CACCAGTTTAAACCATTTAATAGAACAGCATCG
oWL00232_(IAA12-prb)_(G_to_A)_reverse,28,,,AGCCGGGTTCACAAACAGATCTACGACC
oWL00233_(prb_2)_forward,26,,,GTTTGTGAACCCGGCTAAAGCGTGGC
oWL00234_(prb_2)_reverse,48,,,GCTGTTCTATTAAATGGTTTAAACTGGTGCACTCTCAGTACAATCTGC
oWL00235_(IAA12-pdar)_(A_to_G)_reverse,31,,,CAGGCCATCGTCGTCGGTTGCGTTAACATCG
oWL00236_(pdar_2)_forward,29,,,CGACGACGATGGCCTGACTCCGCTGCACC
oWL00237_(pdar_2)_reverse,52,,,CGATGCTGTTCTATTAAATGGTTTAAACTGGTGCACTCTCAGTACAATCTGC
oWL00238_(backbone)_reverse,25,,,CTTTGCCTTCGTTTATCTTGCCTGC
oWL00239_(ARf5)_forward,36,,,GATAAACGAAGGCAAAGAGATGACAGAGCAGAAAGC
oWL00240_(ARf7)_forward,36,,,GATAAACGAAGGCAAAGATGACAGAGCAGAAAGCCC
oWL00241_(backbone)_reverse,35,,,GCTCTGTCATCTTTGCCTTCGTTTATCTTGCCTGC
oWL00242_(ARF5)_forward,39,,,GAAGGCAAAGATGACAGAGCAGAAAGCCCTAGTAAAGCG
oWL00243_(Backbone)_forward,44,,,GGATGAATTGTACAAATAACACCCAGCTTTCTTGTACAAAGTGG
oWL00244_(ARf5-nopb1)_forward,37,,,AGGCAAAGATGACAGAGCAGAAAGCCCTAGTAAAGCG
oWL00245_(ARf5-nopb1)_reverse,36,,,CGCCTCCACTACCGCCGGTTCGGACGCGGGGTGTCG
oWL00246_dsmas00001_reverse,32,,,AGAAAGCTGGGTGTTATTTGTACAATTCATCC
oWL00247_(ARF7-nopb1)_reverse,36,,,CGCCTCCACTACCGCCAGTTCGCATTCGCTGAGTCT
oWL00248_(ARF5-full-length)_reverse,46,,,CGCCTCCACTACCGCCTGAAACAGAAGTCTTAAGATCGTTAATGCC
oWL00249_(ARF7-full-length)_reverse,36,,,CGCCTCCACTACCGCCCCGGTTAAACGAAGTGGCTG
oWL00250_(GFP_plus_link)_forward,42,65.027,54.766,CACACCAGGTCTCAAATGATGTCTAAAGGTGAAGAATTATTC
oWL00251_(GFP_plus_link)_reverse,34,76.427,65.048,CACACCAGGTCTCAATCCCACCTGATCCGCCACC
oWL00252_(iaa12-prb)_forward,34,68.964,47.768,CACACCAGGTCTCAGGATGTCTTCTCTTAGTAGA
oWL00253_(iaa12-prb)_reverse,36,74.704,61.651,CACACCAGGTCTCAAGAATCAGTGGTGGTGGTGGTG
