,ID Number,Name,Length,Tm,Tm (3' only),Cost,Sequence,Sequence (3' only),well,stock primer concentration,volume of stock primer to add,concentration of diluted primer,volume of diluted primer,how much of the diluted primer is left
0,0,oWL00332_(Backbone)_forward,31,66.399,60.37,3.1,GTAACAAGGGTGAACACTATCCCATATCACC,GGTGAACACTATCCCATATCACC,A1,100,1,2.5,40,
1,1,oWL00333_(Backbone)_reverse,28,59.958,59.958,2.8,CTAGTATTTCTCCTCTTTCTCTAGTAGC,CTAGTATTTCTCCTCTTTCTCTAGTAGC,A2,100,1,2.5,40,
2,2,oWL00334_(aeBlue_twistt)_forward,42,68.214,60.423,4.2,AGAAAGAGGAGAAATACTAGATGGCCAGTTTAGTGAAGAAGG,ATGGCCAGTTTAGTGAAGAAGG,A3,100,1,2.5,40,
3,3,oWL00335_(aeBlue_twistt)_reverse,37,71.986,61.47,3.7,GGCCGCTACTAGTATTACTAATGGTGGCCCAGCTTTG,CTAATGGTGGCCCAGCTTTG,A4,100,1,2.5,40,
4,4,oWL00336_(backbone_2)_forward,19,58.883,58.883,1.9,TAATACTAGTAGCGGCCGC,TAATACTAGTAGCGGCCGC,A5,100,1,2.5,40,
5,5,oWL00337_(backbone_2)_reverse,28,69.142,61.157,2.8,CACCACTTCAAGAACTCTGTAGCACCGC,CAAGAACTCTGTAGCACCGC,A6,100,1,2.5,40,
6,6,oWL00338_(backbone_2_copy)_forward,29,68.325,61.698,2.9,GAGTTCTTGAAGTGGTGGCCTAACTACGG,AAGTGGTGGCCTAACTACGG,B1,100,1,2.5,40,
7,7,oWL00339_(backbone_2_copy)_reverse,32,70.399,62.739,3.2,TGTTCACCCTTGTTACACCGTTTTCCATGAGC,CTTGTTACACCGTTTTCCATGAGC,B2,100,1,2.5,40,
8,8,oWL00340_(amajLime_twistt)_forward,48,64.494,61.488,4.8,AGAAAGAGGAGAAATACTAGATGGCTTTGAGTAATAAATTCATAGGGG,ATGGCTTTGAGTAATAAATTCATAGGGG,B3,100,1,2.5,40,
9,9,oWL00341_(amajLime_twistt)_reverse,35,70.661,57.15,3.5,GGCCGCTACTAGTATTATCAAAAGGGAACAACGCT,TCAAAAGGGAACAACGCT,B4,100,1,2.5,40,
10,10,oWL00342_(amilCP_Pink_twistt)_forward,45,67.14699999999999,62.998000000000005,4.5,AGAAAGAGGAGAAATACTAGATGTCTGTTATTGCGAAGCAGATGA,ATGTCTGTTATTGCGAAGCAGATGA,B5,100,1,2.5,40,
11,11,oWL00343_(amilCP_Pink_twistt)_reverse,36,72.828,62.229,3.6,GGCCGCTACTAGTATTATCATGCTACGACCGGCTTC,TCATGCTACGACCGGCTTC,B6,100,1,2.5,40,
12,12,oWL00344_(No_Color_twistt)_forward,41,69.393,61.433,4.1,AGAAAGAGGAGAAATACTAGTCATACGAGCGGACATTCACT,TCATACGAGCGGACATTCACT,C1,100,1,2.5,40,
13,13,oWL00345_(No_Color_twistt)_reverse,35,70.92399999999999,57.473,3.5,GGCCGCTACTAGTATTAAAAGGGAACAACGCTTGT,AAAGGGAACAACGCTTGT,C2,100,1,2.5,40,
